#node1	node2	node1_string_id	node2_string_id	neighborhood_on_chromosome	gene_fusion	phylogenetic_cooccurrence	homology	coexpression	experimentally_determined_interaction	database_annotated	automated_textmining	combined_score
AGR3	LYPD3	9606.ENSP00000308606	9606.ENSP00000244333	0	0	0	0	0.042	0.230	0	0.893	0.914
CRHBP	UCN2	9606.ENSP00000274368	9606.ENSP00000273610	0	0	0	0	0	0	0	0.715	0.715
CRHBP	PHLDB3	9606.ENSP00000274368	9606.ENSP00000292140	0	0	0	0	0	0.430	0	0	0.430
ETHE1	PHLDB3	9606.ENSP00000292147	9606.ENSP00000292140	0	0.053	0	0	0.055	0	0	0.645	0.655
ETHE1	ZNF575	9606.ENSP00000292147	9606.ENSP00000315870	0	0	0	0	0.067	0	0	0.448	0.463
LY6G6D	LYPD3	9606.ENSP00000364985	9606.ENSP00000244333	0	0	0	0	0	0	0.400	0.217	0.510
LY6G6D	SPACA4	9606.ENSP00000364985	9606.ENSP00000312774	0	0	0	0	0	0	0.400	0.337	0.585
LY6G6D	PATE3	9606.ENSP00000364985	9606.ENSP00000395505	0	0	0	0	0	0	0	0.431	0.431
LY6G6D	LY6L	9606.ENSP00000364985	9606.ENSP00000455811	0	0	0	0	0	0	0	0.446	0.446
LY6G6D	TEX101	9606.ENSP00000364985	9606.ENSP00000472308	0	0	0	0	0	0	0.400	0.227	0.516
LY6L	LYPD3	9606.ENSP00000455811	9606.ENSP00000244333	0	0	0	0	0	0	0	0.540	0.540
LY6L	SLURP1	9606.ENSP00000455811	9606.ENSP00000246515	0	0	0	0	0	0	0	0.514	0.514
LY6L	PATE1	9606.ENSP00000455811	9606.ENSP00000307164	0	0	0	0	0	0	0	0.668	0.668
LY6L	SPACA4	9606.ENSP00000455811	9606.ENSP00000312774	0	0	0	0	0	0	0	0.629	0.629
LY6L	PATE2	9606.ENSP00000455811	9606.ENSP00000351325	0	0	0	0	0	0	0	0.697	0.697
LY6L	PATE3	9606.ENSP00000455811	9606.ENSP00000395505	0	0	0	0	0	0	0	0.761	0.761
LY6L	TEX101	9606.ENSP00000455811	9606.ENSP00000472308	0	0	0	0	0	0	0	0.570	0.570
LY6L	PINLYP	9606.ENSP00000455811	9606.ENSP00000479240	0	0	0	0	0	0	0	0.717	0.717
LYPD3	SPACA4	9606.ENSP00000244333	9606.ENSP00000312774	0	0	0	0	0.053	0	0	0.436	0.443
LYPD3	PATE1	9606.ENSP00000244333	9606.ENSP00000307164	0	0	0	0	0	0	0	0.445	0.445
LYPD3	PATE2	9606.ENSP00000244333	9606.ENSP00000351325	0	0	0	0	0	0	0	0.447	0.447
LYPD3	SLURP1	9606.ENSP00000244333	9606.ENSP00000246515	0	0	0	0	0.085	0	0	0.433	0.459
LYPD3	ZNF575	9606.ENSP00000244333	9606.ENSP00000315870	0	0	0	0	0.044	0	0	0.467	0.469
LYPD3	PATE3	9606.ENSP00000244333	9606.ENSP00000395505	0	0	0	0	0	0	0	0.507	0.507
LYPD3	TEX101	9606.ENSP00000244333	9606.ENSP00000472308	0	0	0	0	0.050	0	0	0.520	0.525
LYPD3	PHLDB3	9606.ENSP00000244333	9606.ENSP00000292140	0	0	0	0	0.072	0	0	0.535	0.550
LYPD3	PINLYP	9606.ENSP00000244333	9606.ENSP00000479240	0	0	0	0	0.141	0	0	0.542	0.589
LYSMD1	PHLDB3	9606.ENSP00000357904	9606.ENSP00000292140	0	0	0	0	0	0	0	0.512	0.512
LYSMD1	SCNM1	9606.ENSP00000357904	9606.ENSP00000357901	0	0	0	0	0.060	0	0	0.469	0.479
MDM2	PHLDB3	9606.ENSP00000258149	9606.ENSP00000292140	0	0	0	0	0	0.292	0	0.237	0.436
PATE1	SLURP1	9606.ENSP00000307164	9606.ENSP00000246515	0	0	0	0	0.042	0	0	0.505	0.505
PATE1	SPACA4	9606.ENSP00000307164	9606.ENSP00000312774	0	0	0	0	0.055	0	0	0.542	0.548
PATE1	PINLYP	9606.ENSP00000307164	9606.ENSP00000479240	0	0	0	0	0	0	0	0.620	0.620
PATE1	TEX101	9606.ENSP00000307164	9606.ENSP00000472308	0	0	0	0	0.075	0.292	0	0.472	0.624
PATE1	PATE2	9606.ENSP00000307164	9606.ENSP00000351325	0	0	0	0	0.086	0	0	0.757	0.769
PATE1	PATE3	9606.ENSP00000307164	9606.ENSP00000395505	0	0	0	0	0.623	0	0	0.797	0.920
PATE2	SLURP1	9606.ENSP00000351325	9606.ENSP00000246515	0	0	0	0	0	0	0	0.513	0.513
PATE2	SPACA4	9606.ENSP00000351325	9606.ENSP00000312774	0	0	0	0	0.044	0	0	0.575	0.576
PATE2	TEX101	9606.ENSP00000351325	9606.ENSP00000472308	0	0	0	0	0.042	0	0	0.480	0.480
PATE2	PINLYP	9606.ENSP00000351325	9606.ENSP00000479240	0	0	0	0	0.049	0	0	0.644	0.646
PATE2	PATE3	9606.ENSP00000351325	9606.ENSP00000395505	0	0	0	0	0	0	0	0.847	0.847
PATE3	SLURP1	9606.ENSP00000395505	9606.ENSP00000246515	0	0	0	0	0	0	0	0.507	0.507
PATE3	SPACA4	9606.ENSP00000395505	9606.ENSP00000312774	0	0	0	0	0	0	0	0.620	0.620
PATE3	TEX101	9606.ENSP00000395505	9606.ENSP00000472308	0	0	0	0	0	0	0	0.571	0.571
PATE3	PINLYP	9606.ENSP00000395505	9606.ENSP00000479240	0	0	0	0	0	0	0	0.697	0.697
PHLDB3	TTC12	9606.ENSP00000292140	9606.ENSP00000419652	0	0	0	0	0.049	0	0	0.395	0.400
PHLDB3	SCNM1	9606.ENSP00000292140	9606.ENSP00000357901	0	0	0	0	0	0	0	0.444	0.444
PHLDB3	RAB30	9606.ENSP00000292140	9606.ENSP00000435189	0	0	0	0	0	0.240	0	0.517	0.617
PHLDB3	ZNF575	9606.ENSP00000292140	9606.ENSP00000315870	0	0	0	0	0.056	0	0	0.616	0.622
PHLDB3	TEX101	9606.ENSP00000292140	9606.ENSP00000472308	0	0	0	0	0.050	0	0	0.623	0.626
PINLYP	SLURP1	9606.ENSP00000479240	9606.ENSP00000246515	0	0	0	0	0	0	0	0.472	0.472
PINLYP	SPACA4	9606.ENSP00000479240	9606.ENSP00000312774	0	0	0	0	0	0	0	0.571	0.571
PINLYP	TEX101	9606.ENSP00000479240	9606.ENSP00000472308	0	0	0	0	0	0	0	0.582	0.582
SLURP1	SPACA4	9606.ENSP00000246515	9606.ENSP00000312774	0	0	0	0	0.042	0	0	0.479	0.479
SLURP1	TEX101	9606.ENSP00000246515	9606.ENSP00000472308	0	0	0	0	0.074	0	0	0.529	0.545
SPACA4	TEX101	9606.ENSP00000312774	9606.ENSP00000472308	0	0	0	0	0.117	0.292	0	0.659	0.769
TEX101	ZNF575	9606.ENSP00000472308	9606.ENSP00000315870	0	0	0	0	0.042	0	0	0.503	0.503
